INSERT INTO suppliers (supplier_id, name, location, contact_info) VALUES ('SUP0001', 'PT Bahan Organik Jaya', 'Surabaya', '081234567890');
INSERT INTO suppliers (supplier_id, name, location, contact_info) VALUES ('SUP0002', 'CV Material Hijau', 'Surabaya', '082334567891');
INSERT INTO suppliers (supplier_id, name, location, contact_info) VALUES ('SUP0003', 'UD Kulit Tani Mandiri', 'Surabaya', '083334567892');
INSERT INTO suppliers (supplier_id, name, location, contact_info) VALUES ('SUP0004', 'PT Alam Lestari', 'Surabaya', '085567789012');
INSERT INTO suppliers (supplier_id, name, location, contact_info) VALUES ('SUP0005', 'CV Tani Makmur', 'Surabaya', '087777456789');
INSERT INTO suppliers (supplier_id, name, location, contact_info) VALUES ('SUP0006', 'PT Sumber Jaya', 'Surabaya', '081234111223');
INSERT INTO suppliers (supplier_id, name, location, contact_info) VALUES ('SUP0007', 'UD Surya Bumi', 'Surabaya', '083344567000');
INSERT INTO suppliers (supplier_id, name, location, contact_info) VALUES ('SUP0008', 'CV Hijau Nusantara', 'Surabaya', '084455667123');
INSERT INTO suppliers (supplier_id, name, location, contact_info) VALUES ('SUP0009', 'PT Agro Lestari', 'Surabaya', '088567890234');
INSERT INTO suppliers (supplier_id, name, location, contact_info) VALUES ('SUP0010', 'CV Mitra Alam', 'Surabaya', '081233445556');

INSERT INTO raw_materials (material_id, material_name, stock_quantity, supplier_id, last_update) VALUES ('MAT0001', 'Kulit Singkong', 0, 'SUP0001', SYSDATE);
INSERT INTO raw_materials (material_id, material_name, stock_quantity, supplier_id, last_update) VALUES ('MAT0002', 'Kulit Ikan Pari', 0, 'SUP0001', SYSDATE);
INSERT INTO raw_materials (material_id, material_name, stock_quantity, supplier_id, last_update) VALUES ('MAT0003', 'Sisa Kain Denim', 0, 'SUP0001', SYSDATE);
INSERT INTO raw_materials (material_id, material_name, stock_quantity, supplier_id, last_update) VALUES ('MAT0004', 'Serbuk Karet Daur Ulang', 0, 'SUP0002', SYSDATE);
INSERT INTO raw_materials (material_id, material_name, stock_quantity, supplier_id, last_update) VALUES ('MAT0005', 'Kulit Alpukat', 0, 'SUP0003', SYSDATE);
INSERT INTO raw_materials (material_id, material_name, stock_quantity, supplier_id, last_update) VALUES ('MAT0006', 'Kulit Nanas', 0, 'SUP0003', SYSDATE);
INSERT INTO raw_materials (material_id, material_name, stock_quantity, supplier_id, last_update) VALUES ('MAT0007', 'Kain Sisa Katun', 0, 'SUP0004', SYSDATE);
INSERT INTO raw_materials (material_id, material_name, stock_quantity, supplier_id, last_update) VALUES ('MAT0008', 'Kain Bekas Jeans', 0, 'SUP0004', SYSDATE);
INSERT INTO raw_materials (material_id, material_name, stock_quantity, supplier_id, last_update) VALUES ('MAT0009', 'Sisa Serbuk Gergaji', 0, 'SUP0005', SYSDATE);
INSERT INTO raw_materials (material_id, material_name, stock_quantity, supplier_id, last_update) VALUES ('MAT0010', 'Plastik Daur Ulang', 0, 'SUP0005', SYSDATE);

INSERT INTO reti.transactions (transaction_id, transaction_date, transaction_type, supplier_id, remarks) VALUES ('TRS0001', SYSDATE - 10, 'Purchase', 'SUP0001', 'Pembelian bahan baku kulit singkong');
INSERT INTO reti.transactions (transaction_id, transaction_date, transaction_type, supplier_id, remarks) VALUES ('TRS0002', SYSDATE - 8, 'Purchase', 'SUP0002', 'Pembelian bahan baku kulit ikan pari');
INSERT INTO reti.transactions (transaction_id, transaction_date, transaction_type, supplier_id, remarks) VALUES ('TRS0003', SYSDATE - 6, 'Purchase', 'SUP0003', 'Pembelian bahan baku kain denim');
INSERT INTO reti.transactions (transaction_id, transaction_date, transaction_type, supplier_id, remarks) VALUES ('TRS0004', SYSDATE - 5, 'Purchase', 'SUP0004', 'Pembelian bahan baku serbuk karet');
INSERT INTO reti.transactions (transaction_id, transaction_date, transaction_type, supplier_id, remarks) VALUES ('TRS0005', SYSDATE - 3, 'Purchase', 'SUP0005', 'Pembelian bahan baku kulit alpukat');
INSERT INTO reti.transactions (transaction_id, transaction_date, transaction_type, supplier_id, remarks) VALUES ('TRS0006', SYSDATE - 2, 'Purchase', 'SUP0006', 'Pembelian bahan baku kulit nanas');
INSERT INTO reti.transactions (transaction_id, transaction_date, transaction_type, supplier_id, remarks) VALUES ('TRS0007', SYSDATE - 1, 'Purchase', 'SUP0007', 'Pembelian bahan baku kain sisa katun');
INSERT INTO reti.transactions (transaction_id, transaction_date, transaction_type, supplier_id, remarks) VALUES ('TRS0008', SYSDATE - 1, 'Purchase', 'SUP0008', 'Pembelian bahan bekas jeans');
INSERT INTO reti.transactions (transaction_id, transaction_date, transaction_type, supplier_id, remarks) VALUES ('TRS0009', SYSDATE, 'Purchase', 'SUP0009', 'Pembelian bahan baku plastik daur ulang');
INSERT INTO reti.transactions (transaction_id, transaction_date, transaction_type, supplier_id, remarks) VALUES ('TRS0010', SYSDATE, 'Purchase', 'SUP0010', 'Pembelian bahan serbuk gergaji');

INSERT INTO reti.transaction_detail (detail_id, transaction_id, material_id, quantity) VALUES ('TRD0001', 'TRS0001', 'MAT0001', 500);
INSERT INTO reti.transaction_detail (detail_id, transaction_id, material_id, quantity) VALUES ('TRD0002', 'TRS0001', 'MAT0002', 300);
INSERT INTO reti.transaction_detail (detail_id, transaction_id, material_id, quantity) VALUES ('TRD0003', 'TRS0002', 'MAT0001', 400);
INSERT INTO reti.transaction_detail (detail_id, transaction_id, material_id, quantity) VALUES ('TRD0004', 'TRS0002', 'MAT0002', 200);
INSERT INTO reti.transaction_detail (detail_id, transaction_id, material_id, quantity) VALUES ('TRD0005', 'TRS0003', 'MAT0003', 600);
INSERT INTO reti.transaction_detail (detail_id, transaction_id, material_id, quantity) VALUES ('TRD0006', 'TRS0003', 'MAT0004', 300);
INSERT INTO reti.transaction_detail (detail_id, transaction_id, material_id, quantity) VALUES ('TRD0007', 'TRS0004', 'MAT0005', 250);
INSERT INTO reti.transaction_detail (detail_id, transaction_id, material_id, quantity) VALUES ('TRD0008', 'TRS0004', 'MAT0006', 150);
INSERT INTO reti.transaction_detail (detail_id, transaction_id, material_id, quantity) VALUES ('TRD0009', 'TRS0005', 'MAT0006', 450);
INSERT INTO reti.transaction_detail (detail_id, transaction_id, material_id, quantity) VALUES ('TRD0010', 'TRS0005', 'MAT0007', 400);
